{
  "total_simulations": 10000,
  "completed_simulations": 10000,
  "team1_wins": 5284,
  "team2_wins": 4716,
  "total_rounds": 305060,
  "overtime_games": 1517,
  "average_rounds": 30.506,
  "team1_win_rate": 52.839999999999996,
  "team2_win_rate": 47.160000000000004,
  "overtime_rate": 15.17,
  "execution_time": 288300200,
  "score_distribution": {
    "10-16": 412,
    "11-16": 544,
    "12-16": 662,
    "13-16": 702,
    "14-16": 834,
    "16-10": 557,
    "16-11": 618,
    "16-12": 739,
    "16-13": 715,
    "16-14": 673,
    "16-2": 1,
    "16-3": 14,
    "16-4": 41,
    "16-5": 81,
    "16-6": 153,
    "16-7": 237,
    "16-8": 319,
    "16-9": 381,
    "2-16": 1,
    "21-24": 210,
    "21-25": 61,
    "21-26": 41,
    "21-27": 39,
    "21-28": 26,
    "21-29": 11,
    "21-30": 10,
    "21-31": 4,
    "21-32": 2,
    "21-33": 4,
    "21-34": 1,
    "21-35": 2,
    "22-25": 80,
    "23-26": 56,
    "24-21": 230,
    "24-27": 53,
    "25-21": 61,
    "25-22": 68,
    "25-28": 33,
    "26-21": 53,
    "26-23": 68,
    "26-29": 32,
    "27-21": 26,
    "27-24": 56,
    "27-30": 23,
    "28-21": 21,
    "28-25": 23,
    "28-31": 20,
    "29-21": 9,
    "29-26": 23,
    "29-32": 15,
    "3-16": 7,
    "30-21": 8,
    "30-27": 24,
    "30-33": 8,
    "31-21": 7,
    "31-28": 19,
    "31-34": 7,
    "32-21": 5,
    "32-29": 7,
    "32-35": 7,
    "33-21": 1,
    "33-30": 8,
    "33-36": 3,
    "34-21": 4,
    "34-31": 8,
    "34-37": 5,
    "35-21": 1,
    "35-32": 7,
    "35-38": 4,
    "36-33": 1,
    "36-39": 1,
    "37-34": 9,
    "37-40": 1,
    "38-35": 1,
    "38-41": 1,
    "39-36": 4,
    "4-16": 26,
    "40-37": 1,
    "40-43": 1,
    "41-38": 2,
    "45-48": 1,
    "5-16": 53,
    "6-16": 64,
    "7-16": 141,
    "8-16": 208,
    "9-16": 300
  }
}