{
  "total_simulations": 10000,
  "completed_simulations": 9955,
  "team1_wins": 5373,
  "team2_wins": 4567,
  "total_rounds": 302287,
  "overtime_games": 1503,
  "average_rounds": 30.365344048216976,
  "team1_win_rate": 53.97287795077851,
  "team2_win_rate": 45.876443997990954,
  "overtime_rate": 15.09794073329985,
  "execution_time": 155727900,
  "score_distribution": {
    "10-16": 438,
    "11-16": 493,
    "12-16": 613,
    "13-16": 692,
    "14-16": 746,
    "16-1": 2,
    "16-10": 557,
    "16-11": 667,
    "16-12": 660,
    "16-13": 733,
    "16-14": 731,
    "16-2": 1,
    "16-3": 29,
    "16-4": 45,
    "16-5": 85,
    "16-6": 136,
    "16-7": 212,
    "16-8": 335,
    "16-9": 424,
    "21-24": 242,
    "21-25": 61,
    "21-26": 49,
    "21-27": 36,
    "21-28": 28,
    "21-29": 13,
    "21-30": 9,
    "21-31": 10,
    "21-32": 5,
    "21-33": 4,
    "21-34": 2,
    "21-35": 3,
    "22-25": 62,
    "23-26": 53,
    "24-21": 235,
    "24-27": 37,
    "25-21": 59,
    "25-22": 82,
    "25-28": 39,
    "26-21": 51,
    "26-23": 52,
    "26-29": 20,
    "27-21": 31,
    "27-24": 45,
    "27-30": 16,
    "28-21": 22,
    "28-25": 29,
    "28-31": 15,
    "29-21": 16,
    "29-26": 15,
    "29-32": 13,
    "3-16": 6,
    "30-21": 15,
    "30-27": 22,
    "30-33": 5,
    "31-21": 4,
    "31-28": 13,
    "31-34": 8,
    "32-21": 1,
    "32-29": 8,
    "32-35": 1,
    "33-21": 2,
    "33-30": 11,
    "33-36": 4,
    "34-21": 2,
    "34-31": 7,
    "34-37": 2,
    "35-21": 2,
    "35-32": 7,
    "35-38": 3,
    "36-33": 2,
    "36-39": 2,
    "37-21": 2,
    "37-34": 4,
    "38-21": 1,
    "38-35": 4,
    "38-41": 2,
    "39-36": 1,
    "39-42": 3,
    "4-16": 22,
    "40-37": 6,
    "42-39": 1,
    "43-40": 2,
    "45-42": 1,
    "46-43": 1,
    "5-16": 37,
    "6-16": 96,
    "7-16": 147,
    "8-16": 226,
    "9-16": 304
  },
  "simulations_per_second": 63925.603568788894,
  "peak_memory_usage_mb": 26,
  "total_gc_runs": 0
}